<?xml version="1.0" encoding="UTF-8" standalone="yes"?>
<addon id="plugin.video.foxymeta" name="FoxyMeta" version="0.0.265" provider-name="ruinernin">
    <requires>
        <import addon="xbmc.python" version="2.25.0"/>
        <import addon="script.module.requests" version="2.22.0"/>
    </requires>
    <extension point="xbmc.python.pluginsource" library="addon.py">
        <provides>video</provides>
        <reuselanguageinvoker>true</reuselanguageinvoker>
    </extension>
    <extension point="xbmc.service" library="service.py" />
</addon>
